nome,lista,link
ADI 3734,True,https://www.stf.jus.br/portal/pauta/listaMinistroInterface.asp?seqLista=85141&amp;data=18/12/2019&amp;ministro=MIN.MARCOAUR%C3%89LIO&amp;colegiado=TP&amp;sessao=O&amp;lista=170-2019
ADI 1220,True,https://www.stf.jus.br/portal/pauta/listaMinistroInterface.asp?seqLista=85143&amp;data=18/12/2019&amp;ministro=MIN.ROBERTOBARROSO&amp;colegiado=TP&amp;sessao=O&amp;lista=244-2019
ADI 5803,True,https://www.stf.jus.br/portal/pauta/listaMinistroInterface.asp?seqLista=84362&amp;data=11/12/2019&amp;ministro=MIN.MARCOAUR%C3%89LIO&amp;colegiado=TP&amp;sessao=O&amp;lista=274-2019
ADI 5704,True,https://www.stf.jus.br/portal/pauta/listaMinistroInterface.asp?seqLista=84361&amp;data=11/12/2019&amp;ministro=MIN.MARCOAUR%C3%89LIO&amp;colegiado=TP&amp;sessao=O&amp;lista=273-2019
ADI 4943,True,https://www.stf.jus.br/portal/pauta/listaMinistroInterface.asp?seqLista=80807&amp;data=11/12/2019&amp;ministro=MIN.MARCOAUR%C3%89LIO&amp;colegiado=TP&amp;sessao=O&amp;lista=124-2019
ADI 4758,True,https://www.stf.jus.br/portal/pauta/listaMinistroInterface.asp?seqLista=83369&amp;data=11/12/2019&amp;ministro=MIN.C%C3%81RMENL%C3%9ACIA&amp;colegiado=TP&amp;sessao=O&amp;lista=231-2019
ADI 2658,True,https://www.stf.jus.br/portal/pauta/listaMinistroInterface.asp?seqLista=81758&amp;data=11/12/2019&amp;ministro=MIN.DIASTOFFOLI&amp;colegiado=TP&amp;sessao=O&amp;lista=21-2019
ADI 3550,True,https://www.stf.jus.br/portal/pauta/listaMinistroInterface.asp?seqLista=83125&amp;data=11/12/2019&amp;ministro=MIN.DIASTOFFOLI&amp;colegiado=TP&amp;sessao=O&amp;lista=22-2019
ADI 3250,True,https://www.stf.jus.br/portal/pauta/listaMinistroInterface.asp?seqLista=82519&amp;data=11/12/2019&amp;ministro=MIN.MARCOAUR%C3%89LIO&amp;colegiado=TP&amp;sessao=O&amp;lista=169-2019
ADI 3261,True,https://www.stf.jus.br/portal/pauta/listaMinistroInterface.asp?seqLista=83144&amp;data=11/12/2019&amp;ministro=MIN.MARCOAUR%C3%89LIO&amp;colegiado=TP&amp;sessao=O&amp;lista=170-2019
ADI 5182,True,https://www.stf.jus.br/portal/pauta/listaMinistroInterface.asp?seqLista=82410&amp;data=11/12/2019&amp;ministro=MIN.LUIZFUX&amp;colegiado=TP&amp;sessao=O&amp;lista=146-2019
ADI 4619,True,https://www.stf.jus.br/portal/pauta/listaMinistroInterface.asp?seqLista=82424&amp;data=11/12/2019&amp;ministro=MIN.ROSAWEBER&amp;colegiado=TP&amp;sessao=O&amp;lista=LISTA1
ADI 5087,True,https://www.stf.jus.br/portal/pauta/listaMinistroInterface.asp?seqLista=81987&amp;data=11/12/2019&amp;ministro=MIN.ALEXANDREDEMORAES&amp;colegiado=TP&amp;sessao=O&amp;lista=LISTA2
ADI 5003,True,https://www.stf.jus.br/portal/pauta/listaMinistroInterface.asp?seqLista=73719&amp;data=05/12/2019&amp;ministro=MIN.LUIZFUX&amp;colegiado=TP&amp;sessao=E&amp;lista=1-2019
ADI 4545,True,https://www.stf.jus.br/portal/pauta/listaMinistroInterface.asp?seqLista=79984&amp;data=05/12/2019&amp;ministro=MIN.ROSAWEBER&amp;colegiado=TP&amp;sessao=E&amp;lista=67-2019
ADI 4914,True,https://www.stf.jus.br/portal/pauta/listaMinistroInterface.asp?seqLista=79384&amp;data=04/12/2019&amp;ministro=MIN.MARCOAUR%C3%89LIO&amp;colegiado=TP&amp;sessao=O&amp;lista=77-2019
ADI 3763,True,https://www.stf.jus.br/portal/pauta/listaMinistroInterface.asp?seqLista=73300&amp;data=04/12/2019&amp;ministro=MIN.C%C3%81RMENL%C3%9ACIA&amp;colegiado=TP&amp;sessao=O&amp;lista=5-2019
ADI 4975,True,https://www.stf.jus.br/portal/pauta/listaMinistroInterface.asp?seqLista=81227&amp;data=10/10/2019&amp;ministro=MIN.MARCOAUR%C3%89LIO&amp;colegiado=TP&amp;sessao=E&amp;lista=169-2019
ADI 3734,True,https://www.stf.jus.br/portal/pauta/listaMinistroInterface.asp?seqLista=81228&amp;data=10/10/2019&amp;ministro=MIN.MARCOAUR%C3%89LIO&amp;colegiado=TP&amp;sessao=E&amp;lista=170-2019
ADI 3977,True,https://www.stf.jus.br/portal/pauta/listaMinistroInterface.asp?seqLista=81264&amp;data=10/10/2019&amp;ministro=MIN.MARCOAUR%C3%89LIO&amp;colegiado=TP&amp;sessao=E&amp;lista=171-2019
ADI 3567,True,https://www.stf.jus.br/portal/pauta/listaMinistroInterface.asp?seqLista=79388&amp;data=10/10/2019&amp;ministro=MIN.RICARDOLEWANDOWSKI&amp;colegiado=TP&amp;sessao=E&amp;lista=37-2019
ADI 4846,True,https://www.stf.jus.br/portal/pauta/listaMinistroInterface.asp?seqLista=79772&amp;data=09/10/2019&amp;ministro=MIN.EDSONFACHIN&amp;colegiado=TP&amp;sessao=E&amp;lista=111-2019
ADI 4021,True,https://www.stf.jus.br/portal/pauta/listaMinistroInterface.asp?seqLista=73119&amp;data=03/10/2019&amp;ministro=MIN.LUIZFUX&amp;colegiado=TP&amp;sessao=E&amp;lista=13-2019
ADI 3145,True,https://www.stf.jus.br/portal/pauta/listaMinistroInterface.asp?seqLista=73139&amp;data=03/10/2019&amp;ministro=MIN.LUIZFUX&amp;colegiado=TP&amp;sessao=E&amp;lista=14-2019
ADI 4705,True,https://www.stf.jus.br/portal/pauta/listaMinistroInterface.asp?seqLista=70760&amp;data=03/10/2019&amp;ministro=MIN.ROBERTOBARROSO&amp;colegiado=TP&amp;sessao=E&amp;lista=22-2019
ADI 3536,True,https://www.stf.jus.br/portal/pauta/listaMinistroInterface.asp?seqLista=74873&amp;data=03/10/2019&amp;ministro=MIN.ROBERTOBARROSO&amp;colegiado=TP&amp;sessao=E&amp;lista=24-2019
ADI 2952,True,https://www.stf.jus.br/portal/pauta/listaMinistroInterface.asp?seqLista=75641&amp;data=03/10/2019&amp;ministro=MIN.ALEXANDREDEMORAES&amp;colegiado=TP&amp;sessao=E&amp;lista=49-2019
ADI 3845,True,https://www.stf.jus.br/portal/pauta/listaMinistroInterface.asp?seqLista=80344&amp;data=03/10/2019&amp;ministro=MIN.ALEXANDREDEMORAES&amp;colegiado=TP&amp;sessao=E&amp;lista=193-2019
ADI 1531,True,https://www.stf.jus.br/portal/pauta/listaMinistroInterface.asp?seqLista=80485&amp;data=03/10/2019&amp;ministro=MIN.ALEXANDREDEMORAES&amp;colegiado=TP&amp;sessao=E&amp;lista=194-2019
ADI 5768,True,https://www.stf.jus.br/portal/pauta/listaMinistroInterface.asp?seqLista=79284&amp;data=11/09/2019&amp;ministro=MIN.MARCOAUR%C3%89LIO&amp;colegiado=TP&amp;sessao=E&amp;lista=76-2019
ADI 4748,True,https://www.stf.jus.br/portal/pauta/listaMinistroInterface.asp?seqLista=74281&amp;data=11/09/2019&amp;ministro=MIN.C%C3%81RMENL%C3%9ACIA&amp;colegiado=TP&amp;sessao=E&amp;lista=6-2019
ADI 5499,True,https://www.stf.jus.br/portal/pauta/listaMinistroInterface.asp?seqLista=78626&amp;data=11/09/2019&amp;ministro=MIN.C%C3%81RMENL%C3%9ACIA&amp;colegiado=TP&amp;sessao=E&amp;lista=50-2019
ADI 5041,True,https://www.stf.jus.br/portal/pauta/listaMinistroInterface.asp?seqLista=78627&amp;data=11/09/2019&amp;ministro=MIN.C%C3%81RMENL%C3%9ACIA&amp;colegiado=TP&amp;sessao=E&amp;lista=51-2019
ADI 5868,True,https://www.stf.jus.br/portal/pauta/listaMinistroInterface.asp?seqLista=78628&amp;data=11/09/2019&amp;ministro=MIN.C%C3%81RMENL%C3%9ACIA&amp;colegiado=TP&amp;sessao=E&amp;lista=52-2019
ADI 3481,True,https://www.stf.jus.br/portal/pauta/listaMinistroInterface.asp?seqLista=68997&amp;data=11/09/2019&amp;ministro=MIN.EDSONFACHIN&amp;colegiado=TP&amp;sessao=E&amp;lista=23-2019
ADI 6087,True,https://www.stf.jus.br/portal/pauta/listaMinistroInterface.asp?seqLista=78388&amp;data=21/08/2019&amp;ministro=MIN.MARCOAUR%C3%89LIO&amp;colegiado=TP&amp;sessao=O&amp;lista=53-2019
ADI 4945,True,https://www.stf.jus.br/portal/pauta/listaMinistroInterface.asp?seqLista=78439&amp;data=21/08/2019&amp;ministro=MIN.MARCOAUR%C3%89LIO&amp;colegiado=TP&amp;sessao=O&amp;lista=54-2019
ADI 4555,True,https://www.stf.jus.br/portal/pauta/listaMinistroInterface.asp?seqLista=70461&amp;data=14/08/2019&amp;ministro=MIN.ROSAWEBER&amp;colegiado=TP&amp;sessao=O&amp;lista=14-2019
ADI 5610,True,https://www.stf.jus.br/portal/pauta/listaMinistroInterface.asp?seqLista=74901&amp;data=08/08/2019&amp;ministro=MIN.LUIZFUX&amp;colegiado=TP&amp;sessao=E&amp;lista=3-2019
ADI 5916,True,https://www.stf.jus.br/portal/pauta/listaMinistroInterface.asp?seqLista=73659&amp;data=15/05/2019&amp;ministro=MIN.MARCOAUR%C3%89LIO&amp;colegiado=TP&amp;sessao=O&amp;lista=LISTA4
ADI 4643,True,https://www.stf.jus.br/portal/pauta/listaMinistroInterface.asp?seqLista=73120&amp;data=15/05/2019&amp;ministro=MIN.LUIZFUX&amp;colegiado=TP&amp;sessao=O&amp;lista=LISTA2
ADI 4816,True,https://www.stf.jus.br/portal/pauta/listaMinistroInterface.asp?seqLista=70067&amp;data=09/05/2019&amp;ministro=MIN.GILMARMENDES&amp;colegiado=TP&amp;sessao=E&amp;lista=LISTA1
ADI 5176,True,https://www.stf.jus.br/portal/pauta/listaMinistroInterface.asp?seqLista=67766&amp;data=09/05/2019&amp;ministro=MIN.GILMARMENDES&amp;colegiado=TP&amp;sessao=E&amp;lista=LISTA4
ADI 751,True,https://www.stf.jus.br/portal/pauta/listaMinistroInterface.asp?seqLista=68212&amp;data=09/05/2019&amp;ministro=MIN.GILMARMENDES&amp;colegiado=TP&amp;sessao=E&amp;lista=LISTA1
ADI 1531,True,https://www.stf.jus.br/portal/pauta/listaMinistroInterface.asp?seqLista=68213&amp;data=09/05/2019&amp;ministro=MIN.GILMARMENDES&amp;colegiado=TP&amp;sessao=E&amp;lista=LISTA2
ADI 5521,True,https://www.stf.jus.br/portal/pauta/listaMinistroInterface.asp?seqLista=68639&amp;data=09/05/2019&amp;ministro=MIN.GILMARMENDES&amp;colegiado=TP&amp;sessao=E&amp;lista=LISTA6
ADI 5800,True,https://www.stf.jus.br/portal/pauta/listaMinistroInterface.asp?seqLista=73260&amp;data=08/05/2019&amp;ministro=MIN.LUIZFUX&amp;colegiado=TP&amp;sessao=O&amp;lista=LISTA11
ADI 5897,True,https://www.stf.jus.br/portal/pauta/listaMinistroInterface.asp?seqLista=72599&amp;data=24/04/2019&amp;ministro=MIN.LUIZFUX&amp;colegiado=TP&amp;sessao=E&amp;lista=LISTA1
ADI 241,True,https://www.stf.jus.br/portal/pauta/listaMinistroInterface.asp?seqLista=67779&amp;data=11/04/2019&amp;ministro=MIN.GILMARMENDES&amp;colegiado=TP&amp;sessao=E&amp;lista=LISTA1
ADI 2127,True,https://www.stf.jus.br/portal/pauta/listaMinistroInterface.asp?seqLista=67780&amp;data=11/04/2019&amp;ministro=MIN.GILMARMENDES&amp;colegiado=TP&amp;sessao=E&amp;lista=LISTA2
ADI 170,True,https://www.stf.jus.br/portal/pauta/listaMinistroInterface.asp?seqLista=67765&amp;data=11/04/2019&amp;ministro=MIN.GILMARMENDES&amp;colegiado=TP&amp;sessao=E&amp;lista=LISTA3
ADI 5007,True,https://www.stf.jus.br/portal/pauta/listaMinistroInterface.asp?seqLista=70650&amp;data=11/04/2019&amp;ministro=MIN.C%C3%81RMENL%C3%9ACIA&amp;colegiado=TP&amp;sessao=E&amp;lista=LISTA1
ADI 4345,True,https://www.stf.jus.br/portal/pauta/listaMinistroInterface.asp?seqLista=70659&amp;data=11/04/2019&amp;ministro=MIN.C%C3%81RMENL%C3%9ACIA&amp;colegiado=TP&amp;sessao=E&amp;lista=LISTA2
ADI 4908,True,https://www.stf.jus.br/portal/pauta/listaMinistroInterface.asp?seqLista=70119&amp;data=11/04/2019&amp;ministro=MIN.ROSAWEBER&amp;colegiado=TP&amp;sessao=E&amp;lista=LISTA1
ADI 5323,True,https://www.stf.jus.br/portal/pauta/listaMinistroInterface.asp?seqLista=70139&amp;data=11/04/2019&amp;ministro=MIN.ROSAWEBER&amp;colegiado=TP&amp;sessao=E&amp;lista=LISTA2
ADI 1246,True,https://www.stf.jus.br/portal/pauta/listaMinistroInterface.asp?seqLista=70704&amp;data=11/04/2019&amp;ministro=MIN.ROBERTOBARROSO&amp;colegiado=TP&amp;sessao=E&amp;lista=LISTA1
ADI 3829,True,https://www.stf.jus.br/portal/pauta/listaMinistroInterface.asp?seqLista=66319&amp;data=11/04/2019&amp;ministro=MIN.ALEXANDREDEMORAES&amp;colegiado=TP&amp;sessao=E&amp;lista=LISTA4
ADI 5087,True,https://www.stf.jus.br/portal/pauta/listaMinistroInterface.asp?seqLista=67142&amp;data=11/04/2019&amp;ministro=MIN.ALEXANDREDEMORAES&amp;colegiado=TP&amp;sessao=E&amp;lista=LISTA2
ADI 5243,True,https://www.stf.jus.br/portal/pauta/listaMinistroInterface.asp?seqLista=68233&amp;data=11/04/2019&amp;ministro=MIN.EDSONFACHIN&amp;colegiado=TP&amp;sessao=E&amp;lista=LISTA5
ADI 4606,True,https://www.stf.jus.br/portal/pauta/listaMinistroInterface.asp?seqLista=67982&amp;data=28/02/2019&amp;ministro=MIN.ALEXANDREDEMORAES&amp;colegiado=TP&amp;sessao=E&amp;lista=LISTA8
ADI 5646,True,https://www.stf.jus.br/portal/pauta/listaMinistroInterface.asp?seqLista=69182&amp;data=07/02/2019&amp;ministro=MIN.LUIZFUX&amp;colegiado=TP&amp;sessao=E&amp;lista=LISTA1
ADI 1934,True,https://www.stf.jus.br/portal/pauta/listaMinistroInterface.asp?seqLista=69104&amp;data=07/02/2019&amp;ministro=MIN.ROBERTOBARROSO&amp;colegiado=TP&amp;sessao=E&amp;lista=LISTA10
ADI 5745,True,https://www.stf.jus.br/portal/pauta/listaMinistroInterface.asp?seqLista=69160&amp;data=07/02/2019&amp;ministro=MIN.ALEXANDREDEMORAES&amp;colegiado=TP&amp;sessao=E&amp;lista=LISTA1
ADI 5473,True,https://www.stf.jus.br/portal/pauta/listaMinistroInterface.asp?seqLista=69012&amp;data=19/12/2018&amp;ministro=MIN.MARCOAUR%C3%89LIO&amp;colegiado=TP&amp;sessao=E&amp;lista=LISTA1
ADI 1606,True,https://www.stf.jus.br/portal/pauta/listaMinistroInterface.asp?seqLista=69081&amp;data=19/12/2018&amp;ministro=MIN.ROBERTOBARROSO&amp;colegiado=TP&amp;sessao=E&amp;lista=LISTA11
ADI 4243,True,https://www.stf.jus.br/portal/pauta/listaMinistroInterface.asp?seqLista=69105&amp;data=19/12/2018&amp;ministro=MIN.ROBERTOBARROSO&amp;colegiado=TP&amp;sessao=E&amp;lista=LISTA12
ADI 1984,True,https://www.stf.jus.br/portal/pauta/listaMinistroInterface.asp?seqLista=69106&amp;data=19/12/2018&amp;ministro=MIN.ROBERTOBARROSO&amp;colegiado=TP&amp;sessao=E&amp;lista=LISTA13
ADI 5535,True,https://www.stf.jus.br/portal/pauta/listaMinistroInterface.asp?seqLista=69120&amp;data=19/12/2018&amp;ministro=MIN.ROBERTOBARROSO&amp;colegiado=TP&amp;sessao=E&amp;lista=LISTA18
ADI 5723,True,https://www.stf.jus.br/portal/pauta/listaMinistroInterface.asp?seqLista=69121&amp;data=19/12/2018&amp;ministro=MIN.ROBERTOBARROSO&amp;colegiado=TP&amp;sessao=E&amp;lista=LISTA19
ADI 4961,True,https://www.stf.jus.br/portal/pauta/listaMinistroInterface.asp?seqLista=68084&amp;data=19/12/2018&amp;ministro=MIN.EDSONFACHIN&amp;colegiado=TP&amp;sessao=E&amp;lista=LISTA4
ADI 4173,True,https://www.stf.jus.br/portal/pauta/listaMinistroInterface.asp?seqLista=68405&amp;data=19/12/2018&amp;ministro=MIN.ALEXANDREDEMORAES&amp;colegiado=TP&amp;sessao=E&amp;lista=LISTA12
ADI 5486,True,https://www.stf.jus.br/portal/pauta/listaMinistroInterface.asp?seqLista=68403&amp;data=19/12/2018&amp;ministro=MIN.ALEXANDREDEMORAES&amp;colegiado=TP&amp;sessao=E&amp;lista=LISTA8
ADI 5776,True,https://www.stf.jus.br/portal/pauta/listaMinistroInterface.asp?seqLista=67880&amp;data=19/12/2018&amp;ministro=MIN.ALEXANDREDEMORAES&amp;colegiado=TP&amp;sessao=E&amp;lista=LISTA1
ADI 2823,True,https://www.stf.jus.br/portal/pauta/listaMinistroInterface.asp?seqLista=67881&amp;data=19/12/2018&amp;ministro=MIN.ALEXANDREDEMORAES&amp;colegiado=TP&amp;sessao=E&amp;lista=LISTA6
ADI 4058,True,https://www.stf.jus.br/portal/pauta/listaMinistroInterface.asp?seqLista=67882&amp;data=19/12/2018&amp;ministro=MIN.ALEXANDREDEMORAES&amp;colegiado=TP&amp;sessao=E&amp;lista=LISTA7
ADI 5961,True,https://www.stf.jus.br/portal/pauta/listaMinistroInterface.asp?seqLista=68759&amp;data=19/12/2018&amp;ministro=MIN.ALEXANDREDEMORAES&amp;colegiado=TP&amp;sessao=E&amp;lista=LISTA30
ADI 4421,True,https://www.stf.jus.br/portal/pauta/listaMinistroInterface.asp?seqLista=68823&amp;data=19/12/2018&amp;ministro=MIN.ALEXANDREDEMORAES&amp;colegiado=TP&amp;sessao=E&amp;lista=LISTA34
ADI 5109,True,https://www.stf.jus.br/portal/pauta/listaMinistroInterface.asp?seqLista=68319&amp;data=13/12/2018&amp;ministro=MIN.LUIZFUX&amp;colegiado=TP&amp;sessao=E&amp;lista=LISTA1
ADI 4133,True,https://www.stf.jus.br/portal/pauta/listaMinistroInterface.asp?seqLista=67301&amp;data=13/12/2018&amp;ministro=MIN.LUIZFUX&amp;colegiado=TP&amp;sessao=E&amp;lista=LISTA3
ADI 4019,True,https://www.stf.jus.br/portal/pauta/listaMinistroInterface.asp?seqLista=67280&amp;data=13/12/2018&amp;ministro=MIN.LUIZFUX&amp;colegiado=TP&amp;sessao=E&amp;lista=LISTA4
ADI 3995,True,https://www.stf.jus.br/portal/pauta/listaMinistroInterface.asp?seqLista=66839&amp;data=13/12/2018&amp;ministro=MIN.ROBERTOBARROSO&amp;colegiado=TP&amp;sessao=E&amp;lista=LISTA1
ADI 3659,True,https://www.stf.jus.br/portal/pauta/listaMinistroInterface.asp?seqLista=68912&amp;data=13/12/2018&amp;ministro=MIN.ROBERTOBARROSO&amp;colegiado=TP&amp;sessao=E&amp;lista=LISTA4
ADI 4633,True,https://www.stf.jus.br/portal/pauta/listaMinistroInterface.asp?seqLista=67783&amp;data=06/12/2018&amp;ministro=MIN.LUIZFUX&amp;colegiado=TP&amp;sessao=E&amp;lista=LISTA1
ADI 5725,True,https://www.stf.jus.br/portal/pauta/listaMinistroInterface.asp?seqLista=67785&amp;data=06/12/2018&amp;ministro=MIN.LUIZFUX&amp;colegiado=TP&amp;sessao=E&amp;lista=LISTA2
ADI 5158,True,https://www.stf.jus.br/portal/pauta/listaMinistroInterface.asp?seqLista=68423&amp;data=06/12/2018&amp;ministro=MIN.ROBERTOBARROSO&amp;colegiado=TP&amp;sessao=E&amp;lista=LISTA1
ADI 3666,True,https://www.stf.jus.br/portal/pauta/listaMinistroInterface.asp?seqLista=68408&amp;data=06/12/2018&amp;ministro=MIN.ROBERTOBARROSO&amp;colegiado=TP&amp;sessao=E&amp;lista=LISTA2
ADI 4601,True,https://www.stf.jus.br/portal/pauta/listaMinistroInterface.asp?seqLista=66539&amp;data=25/10/2018&amp;ministro=MIN.LUIZFUX&amp;colegiado=TP&amp;sessao=E&amp;lista=LISTA2
ADI 5575,True,https://www.stf.jus.br/portal/pauta/listaMinistroInterface.asp?seqLista=66540&amp;data=25/10/2018&amp;ministro=MIN.LUIZFUX&amp;colegiado=TP&amp;sessao=E&amp;lista=LISTA3
ADI 5077,True,https://www.stf.jus.br/portal/pauta/listaMinistroInterface.asp?seqLista=67126&amp;data=25/10/2018&amp;ministro=MIN.ALEXANDREDEMORAES&amp;colegiado=TP&amp;sessao=E&amp;lista=LISTA3
ADI 5352,True,https://www.stf.jus.br/portal/pauta/listaMinistroInterface.asp?seqLista=67140&amp;data=25/10/2018&amp;ministro=MIN.ALEXANDREDEMORAES&amp;colegiado=TP&amp;sessao=E&amp;lista=LISTA4
ADI 5312,True,https://www.stf.jus.br/portal/pauta/listaMinistroInterface.asp?seqLista=67141&amp;data=25/10/2018&amp;ministro=MIN.ALEXANDREDEMORAES&amp;colegiado=TP&amp;sessao=E&amp;lista=LISTA5
ADI 4562,True,https://www.stf.jus.br/portal/pauta/listaMinistroInterface.asp?seqLista=63999&amp;data=17/10/2018&amp;ministro=MIN.CELSODEMELLO&amp;colegiado=TP&amp;sessao=O&amp;lista=LISTA1
ADI 854,True,https://www.stf.jus.br/portal/pauta/listaMinistroInterface.asp?seqLista=64000&amp;data=17/10/2018&amp;ministro=MIN.CELSODEMELLO&amp;colegiado=TP&amp;sessao=O&amp;lista=LISTA2
ADI 5336,True,https://www.stf.jus.br/portal/pauta/listaMinistroInterface.asp?seqLista=66730&amp;data=17/10/2018&amp;ministro=MIN.ALEXANDREDEMORAES&amp;colegiado=TP&amp;sessao=O&amp;lista=LISTA17
ADI 5140,True,https://www.stf.jus.br/portal/pauta/listaMinistroInterface.asp?seqLista=66320&amp;data=11/10/2018&amp;ministro=MIN.ALEXANDREDEMORAES&amp;colegiado=TP&amp;sessao=E&amp;lista=LISTA5
ADI 5462,True,https://www.stf.jus.br/portal/pauta/listaMinistroInterface.asp?seqLista=66322&amp;data=11/10/2018&amp;ministro=MIN.ALEXANDREDEMORAES&amp;colegiado=TP&amp;sessao=E&amp;lista=LISTA7
ADI 4693,True,https://www.stf.jus.br/portal/pauta/listaMinistroInterface.asp?seqLista=66323&amp;data=11/10/2018&amp;ministro=MIN.ALEXANDREDEMORAES&amp;colegiado=TP&amp;sessao=E&amp;lista=LISTA8
ADI 5016,True,https://www.stf.jus.br/portal/pauta/listaMinistroInterface.asp?seqLista=66324&amp;data=11/10/2018&amp;ministro=MIN.ALEXANDREDEMORAES&amp;colegiado=TP&amp;sessao=E&amp;lista=LISTA9
ADI 5307,True,https://www.stf.jus.br/portal/pauta/listaMinistroInterface.asp?seqLista=66339&amp;data=11/10/2018&amp;ministro=MIN.ALEXANDREDEMORAES&amp;colegiado=TP&amp;sessao=E&amp;lista=LISTA10
ADI 5044,True,https://www.stf.jus.br/portal/pauta/listaMinistroInterface.asp?seqLista=66325&amp;data=11/10/2018&amp;ministro=MIN.ALEXANDREDEMORAES&amp;colegiado=TP&amp;sessao=E&amp;lista=LISTA11
ADI 5275,True,https://www.stf.jus.br/portal/pauta/listaMinistroInterface.asp?seqLista=66327&amp;data=11/10/2018&amp;ministro=MIN.ALEXANDREDEMORAES&amp;colegiado=TP&amp;sessao=E&amp;lista=LISTA13
ADI 4382,True,https://www.stf.jus.br/portal/pauta/listaMinistroInterface.asp?seqLista=66340&amp;data=11/10/2018&amp;ministro=MIN.ALEXANDREDEMORAES&amp;colegiado=TP&amp;sessao=E&amp;lista=LISTA14
ADI 5260,True,https://www.stf.jus.br/portal/pauta/listaMinistroInterface.asp?seqLista=66328&amp;data=11/10/2018&amp;ministro=MIN.ALEXANDREDEMORAES&amp;colegiado=TP&amp;sessao=E&amp;lista=LISTA15
ADI 5832,True,https://www.stf.jus.br/portal/pauta/listaMinistroInterface.asp?seqLista=66239&amp;data=10/10/2018&amp;ministro=MIN.MARCOAUR%C3%89LIO&amp;colegiado=TP&amp;sessao=O&amp;lista=LISTA1
ADI 4759,True,https://www.stf.jus.br/portal/pauta/listaMinistroInterface.asp?seqLista=66240&amp;data=10/10/2018&amp;ministro=MIN.MARCOAUR%C3%89LIO&amp;colegiado=TP&amp;sessao=O&amp;lista=LISTA2
ADI 3185,True,https://www.stf.jus.br/portal/pauta/listaMinistroInterface.asp?seqLista=66242&amp;data=10/10/2018&amp;ministro=MIN.MARCOAUR%C3%89LIO&amp;colegiado=TP&amp;sessao=O&amp;lista=LISTA4
ADI 5767,True,https://www.stf.jus.br/portal/pauta/listaMinistroInterface.asp?seqLista=66243&amp;data=10/10/2018&amp;ministro=MIN.MARCOAUR%C3%89LIO&amp;colegiado=TP&amp;sessao=O&amp;lista=LISTA5
ADI 2898,True,https://www.stf.jus.br/portal/pauta/listaMinistroInterface.asp?seqLista=66039&amp;data=10/10/2018&amp;ministro=MIN.DIASTOFFOLI&amp;colegiado=TP&amp;sessao=O&amp;lista=LISTA1
ADI 2323,True,https://www.stf.jus.br/portal/pauta/listaMinistroInterface.asp?seqLista=66059&amp;data=10/10/2018&amp;ministro=MIN.ALEXANDREDEMORAES&amp;colegiado=TP&amp;sessao=O&amp;lista=LISTA3
ADI 2605,True,https://www.stf.jus.br/portal/pauta/listaMinistroInterface.asp?seqLista=66079&amp;data=10/10/2018&amp;ministro=MIN.ALEXANDREDEMORAES&amp;colegiado=TP&amp;sessao=O&amp;lista=LISTA4
ADI 4820,True,https://www.stf.jus.br/portal/pauta/listaMinistroInterface.asp?seqLista=65120&amp;data=20/09/2018&amp;ministro=MIN.DIASTOFFOLI&amp;colegiado=TP&amp;sessao=E&amp;lista=LISTA1
ADI 3785,True,https://www.stf.jus.br/portal/pauta/listaMinistroInterface.asp?seqLista=64601&amp;data=20/09/2018&amp;ministro=MIN.DIASTOFFOLI&amp;colegiado=TP&amp;sessao=E&amp;lista=LISTA1
ADI 5111,True,https://www.stf.jus.br/portal/pauta/listaMinistroInterface.asp?seqLista=64756&amp;data=20/09/2018&amp;ministro=MIN.DIASTOFFOLI&amp;colegiado=TP&amp;sessao=E&amp;lista=LISTA2
ADI 5257,True,https://www.stf.jus.br/portal/pauta/listaMinistroInterface.asp?seqLista=65139&amp;data=20/09/2018&amp;ministro=MIN.DIASTOFFOLI&amp;colegiado=TP&amp;sessao=E&amp;lista=LISTA2
ADI 4613,True,https://www.stf.jus.br/portal/pauta/listaMinistroInterface.asp?seqLista=65279&amp;data=20/09/2018&amp;ministro=MIN.DIASTOFFOLI&amp;colegiado=TP&amp;sessao=E&amp;lista=LISTA4
ADI 3418,True,https://www.stf.jus.br/portal/pauta/listaMinistroInterface.asp?seqLista=63702&amp;data=20/09/2018&amp;ministro=MIN.DIASTOFFOLI&amp;colegiado=TP&amp;sessao=E&amp;lista=LISTA1
ADI 4577,True,https://www.stf.jus.br/portal/pauta/listaMinistroInterface.asp?seqLista=63583&amp;data=20/09/2018&amp;ministro=MIN.DIASTOFFOLI&amp;colegiado=TP&amp;sessao=E&amp;lista=LISTA1
ADI 5024,True,https://www.stf.jus.br/portal/pauta/listaMinistroInterface.asp?seqLista=65100&amp;data=20/09/2018&amp;ministro=MIN.ROBERTOBARROSO&amp;colegiado=TP&amp;sessao=E&amp;lista=LISTA1
ADI 3863,True,https://www.stf.jus.br/portal/pauta/listaMinistroInterface.asp?seqLista=63919&amp;data=20/09/2018&amp;ministro=MIN.EDSONFACHIN&amp;colegiado=TP&amp;sessao=E&amp;lista=LISTA3
ADI 1757,True,https://www.stf.jus.br/portal/pauta/listaMinistroInterface.asp?seqLista=65790&amp;data=20/09/2018&amp;ministro=MIN.ALEXANDREDEMORAES&amp;colegiado=TP&amp;sessao=E&amp;lista=LISTA2
ADI 5432,True,https://www.stf.jus.br/portal/pauta/listaMinistroInterface.asp?seqLista=64754&amp;data=19/09/2018&amp;ministro=MIN.DIASTOFFOLI&amp;colegiado=TP&amp;sessao=O&amp;lista=LISTA1
ADI 1003,True,https://www.stf.jus.br/portal/pauta/listaMinistroInterface.asp?seqLista=62740&amp;data=01/08/2018&amp;ministro=MIN.C%C3%81RMENL%C3%9ACIA&amp;colegiado=TP&amp;sessao=E&amp;lista=LISTA2
ADI 4318,True,https://www.stf.jus.br/portal/pauta/listaMinistroInterface.asp?seqLista=62741&amp;data=01/08/2018&amp;ministro=MIN.C%C3%81RMENL%C3%9ACIA&amp;colegiado=TP&amp;sessao=E&amp;lista=LISTA3
ADI 4618,True,https://www.stf.jus.br/portal/pauta/listaMinistroInterface.asp?seqLista=62742&amp;data=01/08/2018&amp;ministro=MIN.C%C3%81RMENL%C3%9ACIA&amp;colegiado=TP&amp;sessao=E&amp;lista=LISTA4
ADI 5585,True,https://www.stf.jus.br/portal/pauta/listaMinistroInterface.asp?seqLista=62714&amp;data=01/08/2018&amp;ministro=MIN.EDSONFACHIN&amp;colegiado=TP&amp;sessao=E&amp;lista=LISTA1
ADI 3144,True,https://www.stf.jus.br/portal/pauta/listaMinistroInterface.asp?seqLista=62859&amp;data=01/08/2018&amp;ministro=MIN.EDSONFACHIN&amp;colegiado=TP&amp;sessao=E&amp;lista=LISTA2
ADI 5472,True,https://www.stf.jus.br/portal/pauta/listaMinistroInterface.asp?seqLista=62879&amp;data=01/08/2018&amp;ministro=MIN.EDSONFACHIN&amp;colegiado=TP&amp;sessao=E&amp;lista=LISTA3
ADI 4228,True,https://www.stf.jus.br/portal/pauta/listaMinistroInterface.asp?seqLista=55470&amp;data=01/08/2018&amp;ministro=MIN.ALEXANDREDEMORAES&amp;colegiado=TP&amp;sessao=E&amp;lista=LISTA17
ADI 4724,True,https://www.stf.jus.br/portal/pauta/listaMinistroInterface.asp?seqLista=62499&amp;data=01/08/2018&amp;ministro=MIN.CELSODEMELLO&amp;colegiado=TP&amp;sessao=O&amp;lista=LISTA1
ADI 1476,True,https://www.stf.jus.br/portal/pauta/listaMinistroInterface.asp?seqLista=62519&amp;data=01/08/2018&amp;ministro=MIN.CELSODEMELLO&amp;colegiado=TP&amp;sessao=O&amp;lista=LISTA2
ADI 4977,True,https://www.stf.jus.br/portal/pauta/listaMinistroInterface.asp?seqLista=62739&amp;data=01/08/2018&amp;ministro=MIN.C%C3%81RMENL%C3%9ACIA&amp;colegiado=TP&amp;sessao=O&amp;lista=LISTA1
ADI 4808,True,https://www.stf.jus.br/portal/pauta/listaMinistroInterface.asp?seqLista=62743&amp;data=01/08/2018&amp;ministro=MIN.C%C3%81RMENL%C3%9ACIA&amp;colegiado=TP&amp;sessao=O&amp;lista=LISTA5
ADI 4137,True,https://www.stf.jus.br/portal/pauta/listaMinistroInterface.asp?seqLista=62744&amp;data=01/08/2018&amp;ministro=MIN.C%C3%81RMENL%C3%9ACIA&amp;colegiado=TP&amp;sessao=O&amp;lista=LISTA6
ADI 2500,True,https://www.stf.jus.br/portal/pauta/listaMinistroInterface.asp?seqLista=62745&amp;data=01/08/2018&amp;ministro=MIN.C%C3%81RMENL%C3%9ACIA&amp;colegiado=TP&amp;sessao=O&amp;lista=LISTA7
ADI 4552,True,https://www.stf.jus.br/portal/pauta/listaMinistroInterface.asp?seqLista=62746&amp;data=01/08/2018&amp;ministro=MIN.C%C3%81RMENL%C3%9ACIA&amp;colegiado=TP&amp;sessao=O&amp;lista=LISTA8
ADI 5010,True,https://www.stf.jus.br/portal/pauta/listaMinistroInterface.asp?seqLista=62847&amp;data=01/08/2018&amp;ministro=MIN.C%C3%81RMENL%C3%9ACIA&amp;colegiado=TP&amp;sessao=O&amp;lista=LISTA9
ADI 4913,True,https://www.stf.jus.br/portal/pauta/listaMinistroInterface.asp?seqLista=62848&amp;data=01/08/2018&amp;ministro=MIN.C%C3%81RMENL%C3%9ACIA&amp;colegiado=TP&amp;sessao=O&amp;lista=LISTA10
ADI 5300,True,https://www.stf.jus.br/portal/pauta/listaMinistroInterface.asp?seqLista=59460&amp;data=20/06/2018&amp;ministro=MIN.ALEXANDREDEMORAES&amp;colegiado=TP&amp;sessao=E&amp;lista=LISTA1
ADI 3915,True,https://www.stf.jus.br/portal/pauta/listaMinistroInterface.asp?seqLista=59099&amp;data=20/06/2018&amp;ministro=MIN.ALEXANDREDEMORAES&amp;colegiado=TP&amp;sessao=E&amp;lista=LISTA1
ADI 5107,True,https://www.stf.jus.br/portal/pauta/listaMinistroInterface.asp?seqLista=54150&amp;data=20/06/2018&amp;ministro=MIN.ALEXANDREDEMORAES&amp;colegiado=TP&amp;sessao=E&amp;lista=LISTA1
ADI 4698,True,https://www.stf.jus.br/portal/pauta/listaMinistroInterface.asp?seqLista=59768&amp;data=13/06/2018&amp;ministro=MIN.ROBERTOBARROSO&amp;colegiado=TP&amp;sessao=E&amp;lista=LISTA1
ADI 4544,True,https://www.stf.jus.br/portal/pauta/listaMinistroInterface.asp?seqLista=62185&amp;data=13/06/2018&amp;ministro=MIN.ROBERTOBARROSO&amp;colegiado=TP&amp;sessao=E&amp;lista=LISTA2
ADI 5018,True,https://www.stf.jus.br/portal/pauta/listaMinistroInterface.asp?seqLista=59769&amp;data=13/06/2018&amp;ministro=MIN.ROBERTOBARROSO&amp;colegiado=TP&amp;sessao=E&amp;lista=LISTA2
ADI 4609,True,https://www.stf.jus.br/portal/pauta/listaMinistroInterface.asp?seqLista=62283&amp;data=13/06/2018&amp;ministro=MIN.ROBERTOBARROSO&amp;colegiado=TP&amp;sessao=E&amp;lista=LISTA3
ADI 5213,True,https://www.stf.jus.br/portal/pauta/listaMinistroInterface.asp?seqLista=54151&amp;data=13/06/2018&amp;ministro=MIN.ALEXANDREDEMORAES&amp;colegiado=TP&amp;sessao=E&amp;lista=LISTA2
ADI 4647,True,https://www.stf.jus.br/portal/pauta/listaMinistroInterface.asp?seqLista=61582&amp;data=06/06/2018&amp;ministro=MIN.DIASTOFFOLI&amp;colegiado=TP&amp;sessao=E&amp;lista=LISTA1
ADI 2087,True,https://www.stf.jus.br/portal/pauta/listaMinistroInterface.asp?seqLista=57701&amp;data=12/04/2018&amp;ministro=MIN.DIASTOFFOLI&amp;colegiado=TP&amp;sessao=E&amp;lista=LISTA1
ADI 1802,True,https://www.stf.jus.br/portal/pauta/listaMinistroInterface.asp?seqLista=57719&amp;data=12/04/2018&amp;ministro=MIN.DIASTOFFOLI&amp;colegiado=TP&amp;sessao=E&amp;lista=LISTA2
ADI 2304,True,https://www.stf.jus.br/portal/pauta/listaMinistroInterface.asp?seqLista=57702&amp;data=12/04/2018&amp;ministro=MIN.DIASTOFFOLI&amp;colegiado=TP&amp;sessao=E&amp;lista=LISTA3
ADI 3207,True,https://www.stf.jus.br/portal/pauta/listaMinistroInterface.asp?seqLista=55450&amp;data=12/04/2018&amp;ministro=MIN.ALEXANDREDEMORAES&amp;colegiado=TP&amp;sessao=E&amp;lista=LISTA16
ADI 4962,True,https://www.stf.jus.br/portal/pauta/listaMinistroInterface.asp?seqLista=52029&amp;data=12/04/2018&amp;ministro=MIN.ALEXANDREDEMORAES&amp;colegiado=TP&amp;sessao=E&amp;lista=LISTA5
ADI 4984,True,https://www.stf.jus.br/portal/pauta/listaMinistroInterface.asp?seqLista=52045&amp;data=12/04/2018&amp;ministro=MIN.ALEXANDREDEMORAES&amp;colegiado=TP&amp;sessao=E&amp;lista=LISTA6
ADI 5004,True,https://www.stf.jus.br/portal/pauta/listaMinistroInterface.asp?seqLista=52046&amp;data=12/04/2018&amp;ministro=MIN.ALEXANDREDEMORAES&amp;colegiado=TP&amp;sessao=E&amp;lista=LISTA7
ADI 5098,True,https://www.stf.jus.br/portal/pauta/listaMinistroInterface.asp?seqLista=52030&amp;data=12/04/2018&amp;ministro=MIN.ALEXANDREDEMORAES&amp;colegiado=TP&amp;sessao=E&amp;lista=LISTA8
ADI 5103,True,https://www.stf.jus.br/portal/pauta/listaMinistroInterface.asp?seqLista=52047&amp;data=12/04/2018&amp;ministro=MIN.ALEXANDREDEMORAES&amp;colegiado=TP&amp;sessao=E&amp;lista=LISTA9
ADI 4332,True,https://www.stf.jus.br/portal/pauta/listaMinistroInterface.asp?seqLista=53347&amp;data=07/02/2018&amp;ministro=MIN.ALEXANDREDEMORAES&amp;colegiado=TP&amp;sessao=E&amp;lista=LISTA1
ADI 4008,True,https://www.stf.jus.br/portal/pauta/listaMinistroInterface.asp?seqLista=49393&amp;data=08/11/2017&amp;ministro=MIN.ROBERTOBARROSO&amp;colegiado=TP&amp;sessao=E&amp;lista=LISTA1
ADI 5293,True,https://www.stf.jus.br/portal/pauta/listaMinistroInterface.asp?seqLista=51626&amp;data=08/11/2017&amp;ministro=MIN.ALEXANDREDEMORAES&amp;colegiado=TP&amp;sessao=E&amp;lista=LISTA1
ADI 1703,True,https://www.stf.jus.br/portal/pauta/listaMinistroInterface.asp?seqLista=52025&amp;data=08/11/2017&amp;ministro=MIN.ALEXANDREDEMORAES&amp;colegiado=TP&amp;sessao=E&amp;lista=LISTA1
ADI 2941,True,https://www.stf.jus.br/portal/pauta/listaMinistroInterface.asp?seqLista=52026&amp;data=08/11/2017&amp;ministro=MIN.ALEXANDREDEMORAES&amp;colegiado=TP&amp;sessao=E&amp;lista=LISTA2
ADI 5168,True,https://www.stf.jus.br/portal/pauta/listaMinistroInterface.asp?seqLista=46622&amp;data=30/06/2017&amp;ministro=MIN.C%C3%81RMENL%C3%9ACIA&amp;colegiado=TP&amp;sessao=E&amp;lista=LISTA1
ADI 4879,True,https://www.stf.jus.br/portal/pauta/listaMinistroInterface.asp?seqLista=46642&amp;data=30/06/2017&amp;ministro=MIN.C%C3%81RMENL%C3%9ACIA&amp;colegiado=TP&amp;sessao=E&amp;lista=LISTA2
ADI 4707,True,https://www.stf.jus.br/portal/pauta/listaMinistroInterface.asp?seqLista=41137&amp;data=30/06/2017&amp;ministro=MIN.C%C3%81RMENL%C3%9ACIA&amp;colegiado=TP&amp;sessao=E&amp;lista=LISTA13
ADI 5332,True,https://www.stf.jus.br/portal/pauta/listaMinistroInterface.asp?seqLista=47287&amp;data=30/06/2017&amp;ministro=MIN.C%C3%81RMENL%C3%9ACIA&amp;colegiado=TP&amp;sessao=E&amp;lista=LISTA3
ADI 5270,True,https://www.stf.jus.br/portal/pauta/listaMinistroInterface.asp?seqLista=49945&amp;data=30/06/2017&amp;ministro=MIN.ROSAWEBER&amp;colegiado=TP&amp;sessao=E&amp;lista=LISTA1
ADI 3630,True,https://www.stf.jus.br/portal/pauta/listaMinistroInterface.asp?seqLista=50849&amp;data=30/06/2017&amp;ministro=MIN.EDSONFACHIN&amp;colegiado=TP&amp;sessao=E&amp;lista=LISTA1
ADI 4696,True,https://www.stf.jus.br/portal/pauta/listaMinistroInterface.asp?seqLista=49625&amp;data=30/06/2017&amp;ministro=MIN.EDSONFACHIN&amp;colegiado=TP&amp;sessao=E&amp;lista=LISTA2
ADI 3111,True,https://www.stf.jus.br/portal/pauta/listaMinistroInterface.asp?seqLista=49327&amp;data=30/06/2017&amp;ministro=MIN.ALEXANDREDEMORAES&amp;colegiado=TP&amp;sessao=E&amp;lista=LISTA1
ADI 3605,True,https://www.stf.jus.br/portal/pauta/listaMinistroInterface.asp?seqLista=49585&amp;data=30/06/2017&amp;ministro=MIN.ALEXANDREDEMORAES&amp;colegiado=TP&amp;sessao=E&amp;lista=LISTA1
ADI 1809,True,https://www.stf.jus.br/portal/pauta/listaMinistroInterface.asp?seqLista=50745&amp;data=29/06/2017&amp;ministro=MIN.CELSODEMELLO&amp;colegiado=TP&amp;sessao=E&amp;lista=LISTA1
ADI 1197,True,https://www.stf.jus.br/portal/pauta/listaMinistroInterface.asp?seqLista=48067&amp;data=18/05/2017&amp;ministro=MIN.CELSODEMELLO&amp;colegiado=TP&amp;sessao=E&amp;lista=LISTA1
ADI 5569,True,https://www.stf.jus.br/portal/pauta/listaMinistroInterface.asp?seqLista=46462&amp;data=18/05/2017&amp;ministro=MIN.ROSAWEBER&amp;colegiado=TP&amp;sessao=E&amp;lista=LISTA1
ADI 4000,True,https://www.stf.jus.br/portal/pauta/listaMinistroInterface.asp?seqLista=46042&amp;data=18/05/2017&amp;ministro=MIN.EDSONFACHIN&amp;colegiado=TP&amp;sessao=E&amp;lista=LISTA1
ADI 3157,True,https://www.stf.jus.br/portal/pauta/listaMinistroInterface.asp?seqLista=44311&amp;data=15/12/2016&amp;ministro=MIN.DIASTOFFOLI&amp;colegiado=TP&amp;sessao=E&amp;lista=LISTA2
ADI 1626,True,https://www.stf.jus.br/portal/pauta/listaMinistroInterface.asp?seqLista=44312&amp;data=15/12/2016&amp;ministro=MIN.DIASTOFFOLI&amp;colegiado=TP&amp;sessao=E&amp;lista=LISTA3
ADI 4418,True,https://www.stf.jus.br/portal/pauta/listaMinistroInterface.asp?seqLista=44313&amp;data=15/12/2016&amp;ministro=MIN.DIASTOFFOLI&amp;colegiado=TP&amp;sessao=E&amp;lista=LISTA4
ADI 2696,True,https://www.stf.jus.br/portal/pauta/listaMinistroInterface.asp?seqLista=44315&amp;data=15/12/2016&amp;ministro=MIN.DIASTOFFOLI&amp;colegiado=TP&amp;sessao=E&amp;lista=LISTA6
ADI 4825,True,https://www.stf.jus.br/portal/pauta/listaMinistroInterface.asp?seqLista=44682&amp;data=15/12/2016&amp;ministro=MIN.EDSONFACHIN&amp;colegiado=TP&amp;sessao=E&amp;lista=LISTA4
ADI 4462,True,https://www.stf.jus.br/portal/pauta/listaMinistroInterface.asp?seqLista=41133&amp;data=18/08/2016&amp;ministro=MIN.C%C3%81RMENL%C3%9ACIA&amp;colegiado=TP&amp;sessao=E&amp;lista=LISTA9
ADI 4509,True,https://www.stf.jus.br/portal/pauta/listaMinistroInterface.asp?seqLista=41135&amp;data=18/08/2016&amp;ministro=MIN.C%C3%81RMENL%C3%9ACIA&amp;colegiado=TP&amp;sessao=E&amp;lista=LISTA11
ADI 4761,True,https://www.stf.jus.br/portal/pauta/listaMinistroInterface.asp?seqLista=41316&amp;data=18/08/2016&amp;ministro=MIN.ROBERTOBARROSO&amp;colegiado=TP&amp;sessao=E&amp;lista=LISTA1
ADI 4649,True,https://www.stf.jus.br/portal/pauta/listaMinistroInterface.asp?seqLista=39004&amp;data=01/07/2016&amp;ministro=MIN.DIASTOFFOLI&amp;colegiado=TP&amp;sessao=E&amp;lista=LISTA3
ADI 2144,True,https://www.stf.jus.br/portal/pauta/listaMinistroInterface.asp?seqLista=39354&amp;data=02/06/2016&amp;ministro=MIN.TEORIZAVASCKI&amp;colegiado=TP&amp;sessao=E&amp;lista=LISTA9
ADI 4912,True,https://www.stf.jus.br/portal/pauta/listaMinistroInterface.asp?seqLista=39211&amp;data=11/05/2016&amp;ministro=MIN.EDSONFACHIN&amp;colegiado=TP&amp;sessao=O&amp;lista=LISTA4
ADI 3959,True,https://www.stf.jus.br/portal/pauta/listaMinistroInterface.asp?seqLista=38451&amp;data=20/04/2016&amp;ministro=MIN.ROBERTOBARROSO&amp;colegiado=TP&amp;sessao=O&amp;lista=LISTA1
ADI 4511,True,https://www.stf.jus.br/portal/pauta/listaMinistroInterface.asp?seqLista=38111&amp;data=06/04/2016&amp;ministro=MIN.EDSONFACHIN&amp;colegiado=TP&amp;sessao=O&amp;lista=LISTA2
ADI 3552,True,https://www.stf.jus.br/portal/pauta/listaMinistroInterface.asp?seqLista=37240&amp;data=17/03/2016&amp;ministro=MIN.ROBERTOBARROSO&amp;colegiado=TP&amp;sessao=E&amp;lista=LISTA7
ADI 4211,True,https://www.stf.jus.br/portal/pauta/listaMinistroInterface.asp?seqLista=36625&amp;data=03/03/2016&amp;ministro=MIN.TEORIZAVASCKI&amp;colegiado=TP&amp;sessao=E&amp;lista=LISTA3
ADI 1301,True,https://www.stf.jus.br/portal/pauta/listaMinistroInterface.asp?seqLista=37003&amp;data=03/03/2016&amp;ministro=MIN.ROBERTOBARROSO&amp;colegiado=TP&amp;sessao=E&amp;lista=LISTA4
ADI 4259,True,https://www.stf.jus.br/portal/pauta/listaMinistroInterface.asp?seqLista=36335&amp;data=03/03/2016&amp;ministro=MIN.EDSONFACHIN&amp;colegiado=TP&amp;sessao=E&amp;lista=LISTA3
ADI 3278,True,https://www.stf.jus.br/portal/pauta/listaMinistroInterface.asp?seqLista=36340&amp;data=03/03/2016&amp;ministro=MIN.EDSONFACHIN&amp;colegiado=TP&amp;sessao=E&amp;lista=LISTA4
ADI 1087,True,https://www.stf.jus.br/portal/pauta/listaMinistroInterface.asp?seqLista=36446&amp;data=03/03/2016&amp;ministro=MIN.EDSONFACHIN&amp;colegiado=TP&amp;sessao=E&amp;lista=LISTA6
ADI 1352,True,https://www.stf.jus.br/portal/pauta/listaMinistroInterface.asp?seqLista=36457&amp;data=03/03/2016&amp;ministro=MIN.EDSONFACHIN&amp;colegiado=TP&amp;sessao=E&amp;lista=LISTA7
ADI 1046,True,https://www.stf.jus.br/portal/pauta/listaMinistroInterface.asp?seqLista=35836&amp;data=18/12/2015&amp;ministro=MIN.EDSONFACHIN&amp;colegiado=TP&amp;sessao=E&amp;lista=LISTA8
ADI 1942,True,https://www.stf.jus.br/portal/pauta/listaMinistroInterface.asp?seqLista=35837&amp;data=18/12/2015&amp;ministro=MIN.EDSONFACHIN&amp;colegiado=TP&amp;sessao=E&amp;lista=LISTA9
ADI 1195,True,https://www.stf.jus.br/portal/pauta/listaMinistroInterface.asp?seqLista=35436&amp;data=02/12/2015&amp;ministro=MIN.EDSONFACHIN&amp;colegiado=TP&amp;sessao=O&amp;lista=LISTA1
ADI 3331,True,https://www.stf.jus.br/portal/pauta/listaMinistroInterface.asp?seqLista=35211&amp;data=25/11/2015&amp;ministro=MIN.ROBERTOBARROSO&amp;colegiado=TP&amp;sessao=O&amp;lista=LISTA5
ADI 4081,True,https://www.stf.jus.br/portal/pauta/listaMinistroInterface.asp?seqLista=34456&amp;data=25/11/2015&amp;ministro=MIN.EDSONFACHIN&amp;colegiado=TP&amp;sessao=O&amp;lista=LISTA2
ADI 763,True,https://www.stf.jus.br/portal/pauta/listaMinistroInterface.asp?seqLista=34457&amp;data=25/11/2015&amp;ministro=MIN.EDSONFACHIN&amp;colegiado=TP&amp;sessao=O&amp;lista=LISTA3
ADI 2528,True,https://www.stf.jus.br/portal/pauta/listaMinistroInterface.asp?seqLista=34815&amp;data=25/11/2015&amp;ministro=MIN.EDSONFACHIN&amp;colegiado=TP&amp;sessao=O&amp;lista=LISTA8
ADI 2732,True,https://www.stf.jus.br/portal/pauta/listaMinistroInterface.asp?seqLista=33502&amp;data=07/10/2015&amp;ministro=MIN.DIASTOFFOLI&amp;colegiado=TP&amp;sessao=O&amp;lista=LISTA6
ADI 3852,True,https://www.stf.jus.br/portal/pauta/listaMinistroInterface.asp?seqLista=33503&amp;data=07/10/2015&amp;ministro=MIN.DIASTOFFOLI&amp;colegiado=TP&amp;sessao=O&amp;lista=LISTA7
ADI 1756,True,https://www.stf.jus.br/portal/pauta/listaMinistroInterface.asp?seqLista=33665&amp;data=07/10/2015&amp;ministro=MIN.ROBERTOBARROSO&amp;colegiado=TP&amp;sessao=O&amp;lista=LISTA8
ADI 1342,True,https://www.stf.jus.br/portal/pauta/listaMinistroInterface.asp?seqLista=31838&amp;data=02/09/2015&amp;ministro=MIN.GILMARMENDES&amp;colegiado=TP&amp;sessao=O&amp;lista=LISTA1
ADI 1148,True,https://www.stf.jus.br/portal/pauta/listaMinistroInterface.asp?seqLista=31871&amp;data=02/09/2015&amp;ministro=MIN.GILMARMENDES&amp;colegiado=TP&amp;sessao=O&amp;lista=LISTA2
ADI 5075,True,https://www.stf.jus.br/portal/pauta/listaMinistroInterface.asp?seqLista=31725&amp;data=19/08/2015&amp;ministro=MIN.ROBERTOBARROSO&amp;colegiado=TP&amp;sessao=O&amp;lista=LISTA1
ADI 4309,True,https://www.stf.jus.br/portal/pauta/listaMinistroInterface.asp?seqLista=1015&amp;data=07/10/2009&amp;ministro=MIN.CEZARPELUSO&amp;colegiado=TP&amp;sessao=O&amp;lista=lista1
